250.jpg,250_seg.png
333.jpg,333_seg.png
450.jpg,450_seg.png
460.jpg,460_seg.png
600.jpg,600_seg.png
700.jpg,700_seg.png
900.jpg,900_seg.png
1000.jpg,1000_seg.png
1072.jpg,1072_seg.png
1100.jpg,1100_seg.png
1202.jpg,1202_seg.png
1300.jpg,1300_seg.png
1400.jpg,1400_seg.png
1500.jpg,1500_seg.png
1700.jpg,1700_seg.png
1800.jpg,1800_seg.png
2002.jpg,2002_seg.png
2100.jpg,2100_seg.png
2201.jpg,2201_seg.png
2500.jpg,2500_seg.png
2606.jpg,2606_seg.png
2700.jpg,2700_seg.png
2800.jpg,2800_seg.png
3000.jpg,3000_seg.png
3100.jpg,3100_seg.png
17610.jpg,17610_seg.png
17995.jpg,17995_seg.png
19460.jpg,19460_seg.png
20357.jpg,20357_seg.png
23613.jpg,23613_seg.png
24984.jpg,24984_seg.png
29821.jpg,29821_seg.png
32414.jpg,32414_seg.png
33699.jpg,33699_seg.png
